{"cameraMode":{"drawMode":0,"name":"Shaded","section":"Shading Mode"},"sceneLighting":false,"audioPlay":false,"sceneViewState":{"m_AlwaysRefresh":false,"showFog":true,"showSkybox":false,"showFlares":true,"showImageEffects":true,"showParticleSystems":true,"showVisualEffectGraphs":true,"m_FxEnabled":true},"in2DMode":false,"pivot":{"x":2.0012409687042238,"y":0.014215271919965744,"z":0.7867492437362671},"rotation":{"x":-0.0931641012430191,"y":0.8990636467933655,"z":-0.2337844967842102,"w":-0.35826677083969118},"size":0.1900186538696289,"orthographic":false}