{"cameraMode":{"drawMode":0,"name":"Shaded","section":"Shading Mode"},"sceneLighting":false,"audioPlay":false,"sceneViewState":{"m_AlwaysRefresh":false,"showFog":true,"showSkybox":false,"showFlares":true,"showImageEffects":true,"showParticleSystems":true,"showVisualEffectGraphs":true,"m_FxEnabled":true},"in2DMode":false,"pivot":{"x":0.00004398822784423828,"y":0.8501623272895813,"z":-0.00022655725479125977},"rotation":{"x":0.12663358449935914,"y":0.08974383771419525,"z":-0.011504956521093846,"w":0.9878166317939758},"size":1.2997902631759644,"orthographic":false}