{"cameraMode":{"drawMode":0,"name":"Shaded","section":"Shading Mode"},"sceneLighting":false,"audioPlay":false,"sceneViewState":{"m_AlwaysRefresh":false,"showFog":true,"showSkybox":false,"showFlares":true,"showImageEffects":true,"showParticleSystems":true,"showVisualEffectGraphs":true,"m_FxEnabled":true},"in2DMode":false,"pivot":{"x":-3.6883158683776857,"y":2.883383274078369,"z":4.821353435516357},"rotation":{"x":0.12663358449935914,"y":0.08974383771419525,"z":-0.011504956521093846,"w":0.9878166317939758},"size":4.246932029724121,"orthographic":false}