{"cameraMode":{"drawMode":0,"name":"Shaded","section":"Shading Mode"},"sceneLighting":false,"audioPlay":false,"sceneViewState":{"m_AlwaysRefresh":false,"showFog":true,"showSkybox":false,"showFlares":true,"showImageEffects":true,"showParticleSystems":true,"showVisualEffectGraphs":true,"m_FxEnabled":true},"in2DMode":false,"pivot":{"x":-52.77623748779297,"y":10.234763145446778,"z":-19.133501052856447},"rotation":{"x":0.10788377374410629,"y":-0.8387513160705566,"z":0.18008694052696229,"w":0.5024440288543701},"size":1.8166861534118653,"orthographic":false}