{"cameraMode":{"drawMode":0,"name":"Shaded","section":"Shading Mode"},"sceneLighting":false,"audioPlay":false,"sceneViewState":{"m_AlwaysRefresh":false,"showFog":true,"showSkybox":false,"showFlares":true,"showImageEffects":true,"showParticleSystems":true,"showVisualEffectGraphs":true,"m_FxEnabled":true},"in2DMode":false,"pivot":{"x":-59.32880783081055,"y":9.329520225524903,"z":-17.978017807006837},"rotation":{"x":0.04637742042541504,"y":-0.9463039040565491,"z":0.1575709730386734,"w":0.27848929166793826},"size":0.29725372791290285,"orthographic":false}