{"cameraMode":{"drawMode":0,"name":"Shaded","section":"Shading Mode"},"sceneLighting":true,"audioPlay":false,"sceneViewState":{"m_AlwaysRefresh":false,"showFog":true,"showSkybox":true,"showFlares":true,"showImageEffects":true,"showParticleSystems":true,"showVisualEffectGraphs":true,"m_FxEnabled":true},"in2DMode":false,"pivot":{"x":3.5962061882019045,"y":6.821018218994141,"z":37.338462829589847},"rotation":{"x":-0.08227696269750595,"y":0.055881984531879428,"z":0.00462070107460022,"w":0.9950327277183533},"size":14.819907188415528,"orthographic":false}