{"cameraMode":{"drawMode":0,"name":"Shaded","section":"Shading Mode"},"sceneLighting":true,"audioPlay":false,"sceneViewState":{"m_AlwaysRefresh":false,"showFog":true,"showSkybox":true,"showFlares":true,"showImageEffects":true,"showParticleSystems":true,"showVisualEffectGraphs":true,"m_FxEnabled":true},"in2DMode":false,"pivot":{"x":25.696876525878908,"y":1.8757171630859376,"z":10.178821563720704},"rotation":{"x":-0.06727469712495804,"y":-0.48542577028274538,"z":-0.037513915449380878,"w":0.8708906769752502},"size":1.9843926429748536,"orthographic":false}