{"cameraMode":{"drawMode":0,"name":"Shaded","section":"Shading Mode"},"sceneLighting":false,"audioPlay":false,"sceneViewState":{"m_AlwaysRefresh":false,"showFog":true,"showSkybox":false,"showFlares":true,"showImageEffects":true,"showParticleSystems":true,"showVisualEffectGraphs":true,"m_FxEnabled":true},"in2DMode":false,"pivot":{"x":-8.654996871948243,"y":0.030892599374055864,"z":31.80377960205078},"rotation":{"x":0.11306432634592056,"y":0.7984299659729004,"z":-0.15844379365444184,"w":0.569761335849762},"size":0.08988523483276367,"orthographic":false}