{"cameraMode":{"drawMode":0,"name":"Shaded","section":"Shading Mode"},"sceneLighting":false,"audioPlay":false,"sceneViewState":{"m_AlwaysRefresh":false,"showFog":true,"showSkybox":false,"showFlares":true,"showImageEffects":true,"showParticleSystems":true,"showVisualEffectGraphs":true,"m_FxEnabled":true},"in2DMode":false,"pivot":{"x":3.0262937545776369,"y":0.08338932693004608,"z":-0.46300947666168215},"rotation":{"x":-0.0931641012430191,"y":0.8990636467933655,"z":-0.2337844967842102,"w":-0.35826677083969118},"size":0.2969030737876892,"orthographic":false}