{"cameraMode":{"drawMode":0,"name":"Shaded","section":"Shading Mode"},"sceneLighting":false,"audioPlay":false,"sceneViewState":{"m_AlwaysRefresh":false,"showFog":true,"showSkybox":false,"showFlares":true,"showImageEffects":true,"showParticleSystems":true,"showVisualEffectGraphs":true,"m_FxEnabled":true},"in2DMode":false,"pivot":{"x":0.0022281110286712648,"y":0.2268991768360138,"z":-0.04626171290874481},"rotation":{"x":-0.0931641012430191,"y":0.8990636467933655,"z":-0.2337844967842102,"w":-0.35826677083969118},"size":0.2622898817062378,"orthographic":false}