{"cameraMode":{"drawMode":0,"name":"Shaded","section":"Shading Mode"},"sceneLighting":false,"audioPlay":false,"sceneViewState":{"m_AlwaysRefresh":false,"showFog":true,"showSkybox":false,"showFlares":true,"showImageEffects":true,"showParticleSystems":true,"showVisualEffectGraphs":true,"m_FxEnabled":true},"in2DMode":false,"pivot":{"x":-0.00711822509765625,"y":0.004946283996105194,"z":0.01702135056257248},"rotation":{"x":0.12663358449935914,"y":0.08974383771419525,"z":-0.011504956521093846,"w":0.9878166317939758},"size":1.0570971965789796,"orthographic":false}