{"cameraMode":{"drawMode":0,"name":"Shaded","section":"Shading Mode"},"sceneLighting":false,"audioPlay":false,"sceneViewState":{"m_AlwaysRefresh":false,"showFog":true,"showSkybox":false,"showFlares":true,"showImageEffects":true,"showParticleSystems":true,"showVisualEffectGraphs":true,"m_FxEnabled":true},"in2DMode":false,"pivot":{"x":-0.06227231025695801,"y":0.4769044518470764,"z":-0.04456830024719238},"rotation":{"x":-0.0712328553199768,"y":0.6004726886749268,"z":-0.0538245290517807,"w":-0.7946666479110718},"size":1.6369287967681885,"orthographic":false}