{"cameraMode":{"drawMode":0,"name":"Shaded","section":"Shading Mode"},"sceneLighting":false,"audioPlay":false,"sceneViewState":{"m_AlwaysRefresh":false,"showFog":true,"showSkybox":false,"showFlares":true,"showImageEffects":true,"showParticleSystems":true,"showVisualEffectGraphs":true,"m_FxEnabled":true},"in2DMode":false,"pivot":{"x":0.0013058185577392579,"y":0.5761651992797852,"z":0.013951718807220459},"rotation":{"x":0.11306432634592056,"y":0.7984299659729004,"z":-0.15844379365444184,"w":0.569761335849762},"size":2.0038020610809328,"orthographic":false}